<?xml version="1.0" encoding="UTF-8"?>
<beans xmlns="http://www.springframework.org/schema/beans"
	xmlns:xsi="http://www.w3.org/2001/XMLSchema-instance"
	xsi:schemaLocation="http://www.springframework.org/schema/beans https://www.springframework.org/schema/beans/spring-beans.xsd">
	
	<!-- 
		1. commons dbcp 라이브러리 추가
		2. SqlSessionFactoryBean의 setDataSource 메서드에 넣어주기 위한 dataSource객체 생성 -->
	<bean id="dataSource" class="org.apache.commons.dbcp.BasicDataSource">
		<property name="driverClassName" value="oracle.jdbc.driver.OracleDriver"/> 
		<property name="url" value="jdbc:oracle:thin:@localhost:1521:xe"/>
		<property name="username" value="bm"/>
		<property name="password" value="1234"/>
	</bean>
	
	<!-- sqlSessionFactoryBean을 등록  -->
	<bean id="sqlSessionFactory" class="org.mybatis.spring.SqlSessionFactoryBean">
  		<property name="dataSource" ref="dataSource"/>
  		<property name="configLocation"  value="classpath:mybatis/config.xml"/>
	</bean>	
	
	<!-- SqlSessionTemplate 생성 -->
	<bean id="sqlSession" class="org.mybatis.spring.SqlSessionTemplate">
  		<constructor-arg index="0" ref="sqlSessionFactory" />
	</bean>	
	
	<!-- 메일링 처리를 위해 JavaMailSenderImpl 객체를 빈으로 등록 -->
	<bean id="mailSenderImpl" class="org.springframework.mail.javamail.JavaMailSenderImpl">
		<property name="host" value="smtp.naver.com"/>
		<property name="port" value="465"/>
		<property name="username" value="killsky2014@naver.com"/>
		<property name="password" value="1256812gk!A!"/>
		<property name="javaMailProperties">
			<props>
				<prop key="mail.transport.protocol">smtp</prop>
				<prop key="mail.smtp.auth">true</prop>
				<prop key="mail.smtp.starttls.enable">true</prop>			
				<prop key="mail.smtp.ssl.enable">true</prop>
				<prop key="mail.debug">true</prop>
			</props>
		</property>
	</bean>
</beans>
