<?xml version="1.0" encoding="UTF-8"?>
<beans xmlns="http://www.springframework.org/schema/beans"
	xmlns:xsi="http://www.w3.org/2001/XMLSchema-instance"
	xmlns:mybatis="http://mybatis.org/schema/mybatis-spring"
	xsi:schemaLocation="http://www.springframework.org/schema/beans https://www.springframework.org/schema/beans/spring-beans.xsd
					http://mybatis.org/schema/mybatis-spring http://mybatis.org/schema/mybatis-spring.xsd">
	
	<!-- Root Context: defines shared resources visible to all other web components -->
	<bean id="dataSource" class="org.apache.commons.dbcp2.BasicDataSource">
		<property name="url" value="jdbc:oracle:thin:@localhost:1521:xe"/>
		<property name="username" value="bm"/>
		<property name="password" value="USER11"/>
		<property name="driverClassName" value="oracle.jdbc.driver.OracleDriver"/>
	</bean>	
	
	<!-- mybatis/config 에서 설정정보를 읽어 factory 생성-->
	<bean id="sqlSessionFactory" class="org.mybatis.spring.SqlSessionFactoryBean">
  		<property name="dataSource" ref="dataSource" />
  		<property name="configLocation" value="classpath:mybatis/config.xml"></property>
	</bean>
	
	<mybatis:scan base-package="com.kh.toy" annotation="org.apache.ibatis.annotations.Mapper"/>
	
	<bean id="javaMailSenderImpl"
		class="org.springframework.mail.javamail.JavaMailSenderImpl">
		<property name="username" value="killsky2014@naver.com"/>
		<property name="password" value=""/>
		<property name="host" value="smtp.naver.com"/>
		<property name="port" value="587"/>
		<property name="javaMailProperties">
			<props>
				<prop key="mail.smtp.starttls.enable">true</prop>
				<prop key="mail.smtp.auth">true</prop>
				<prop key="mail.debug">true</prop>
			</props>
		</property>
	</bean>
	
	<bean class="org.springframework.web.multipart.commons.CommonsMultipartResolver"
		  id="multipartResolver">
		<property name="maxInMemorySize"  value="10485760"/>
		<property name="maxUploadSize"  value="10485760"/>	 
	</bean>
	
	
	
	
	
	
	
	
	
	
	
	
		
</beans>
