<?xml version="1.0" encoding="UTF-8"?>
<!DOCTYPE log4j:configuration SYSTEM "http://logging.apache.org/log4j/1.2/apidocs/org/apache/log4j/xml/doc-files/log4j.dtd">
<log4j:configuration xmlns:log4j="http://jakarta.apache.org/log4j/">
	
	<!-- Appenders -->
	<appender name="console" class="org.apache.log4j.ConsoleAppender">
		<param name="Target" value="System.out" />
		<layout class="org.apache.log4j.PatternLayout">
			<param name="ConversionPattern" value="%-5p: %c - %m%n" />
		</layout>
	</appender>
	<!-- 
		1. ALL : 모든 로깅을 출력
		2. TRACE : 추적
		3. DEBUG : 디버깅
		4. INFO : 정보
		5. WARN : 경고
		6. ERROR : 에러
		7. FATAL : 치명적
	 -->
	
	<!-- Application Loggers -->
	<logger name="com.kh.toy">
		<level value="trace" />
	</logger>
	
	<!-- 3rdparty Loggers -->
	<logger name="org.springframework.core">
		<level value="trace" />
	</logger>
	
	<logger name="org.springframework.beans">
		<level value="trace" />
	</logger>
	
	<logger name="org.springframework.context">
		<level value="trace" />
	</logger>

	<logger name="org.springframework.web">
		<level value="trace" />
	</logger>
	
	<!-- Root Logger -->
	<root>
		<priority value="warn" />
		<appender-ref ref="console" />
	</root>
	
</log4j:configuration>
